{
  "densityOfHatch": {
    "bottomRight": [
      701,
      439.8968200683594
    ],
    "topLeft": [
      356,
      197
    ],
    "centerOfMass": [
      520.509521484375,
      336.2896728515625
    ]
  },
  "positionOfPoints": [
    [
      356,
      399
    ],
    [
      482,
      395
    ],
    [
      556,
      270
    ],
    [
      560,
      424
    ],
    [
      372,
      254
    ],
    [
      437,
      302
    ],
    [
      598,
      197
    ],
    [
      659,
      308
    ],
    [
      701,
      374
    ],
    [
      484.0952453613281,
      439.8968200683594
    ]
  ],
  "numberOfColor": 4
}