{
  "densityOfHatch": {
    "bottomRight": [
      1250,
      674
    ],
    "topLeft": [
      409,
      0
    ],
    "centerOfMass": [
      889.1715087890625,
      278.8291931152344
    ]
  },
  "positionOfPoints": [
    [
      409,
      237
    ],
    [
      502,
      301
    ],
    [
      584,
      386
    ],
    [
      670,
      440
    ],
    [
      413,
      478
    ],
    [
      457,
      507
    ],
    [
      1250,
      0
    ],
    [
      1250,
      0
    ],
    [
      1250,
      0
    ],
    [
      1250,
      0
    ],
    [
      1250,
      0
    ],
    [
      1250,
      0
    ],
    [
      1250,
      0
    ],
    [
      1250,
      0
    ],
    [
      1000,
      674
    ],
    [
      1000,
      674
    ],
    [
      425.3235168457031,
      401.441162109375
    ],
    [
      582.6060791015625,
      353.1212158203125
    ],
    [
      740.5,
      458.021728515625
    ],
    [
      1000,
      667
    ]
  ],
  "numberOfColor": 3
}