{
  "densityOfHatch": {
    "bottomRight": [
      638,
      477
    ],
    "topLeft": [
      361,
      207
    ],
    "centerOfMass": [
      498.29998779296875,
      321.20001220703125
    ]
  },
  "positionOfPoints": [
    [
      388,
      232
    ],
    [
      465,
      322
    ],
    [
      527,
      359
    ],
    [
      540,
      338
    ],
    [
      361,
      260
    ],
    [
      527,
      259
    ],
    [
      573,
      417.5
    ],
    [
      367,
      207
    ],
    [
      638,
      340.5
    ],
    [
      597,
      477
    ]
  ],
  "numberOfColor": 2
}