{
  "densityOfHatch": {
    "bottomRight": [
      1108,
      678
    ],
    "topLeft": [
      406,
      237
    ],
    "centerOfMass": [
      780.7999877929688,
      482.3999938964844
    ]
  },
  "positionOfPoints": [
    [
      600,
      237
    ],
    [
      702,
      369
    ],
    [
      406,
      455
    ],
    [
      1088,
      673
    ],
    [
      1108,
      678
    ]
  ],
  "numberOfColor": 1
}